{"version":5,"hash":{"type":"Buffer","data":"iicRzwzJXMQFacMAwK+xKA0R2tQpdAlJj1IDQfDKEG4QnCFE5tcAdFnSSs/97NxrTaS30a1OJWROqCCzTD3iu4dJ3dZZl9AZ7NPhL0hf+Y/Q476Fy0Fz2vJ3fQtIPIQq9IaigUoZFIPK3eI54G/M6krQrvzHnJfVny2h+nGyLkg="},"indexValueMap":{"B05E9AWAP8dqDVuQu8hBiG6U/3LMsa8xwR4+0OhtUvQ=":{"valueMac":{"type":"Buffer","data":"4I3Or2/0WDYjYDVRgX/bNSXOydypIxIDcOhIhEykjSg="}},"CDgLeQPW7/F/L6ey6p7MkFEc4+TbXkJp51ibgkAflUE=":{"valueMac":{"type":"Buffer","data":"sohoqCEtUL72c5zBwrCnOhUyjEbcVaJXYpz0qeATDww="}},"C5FdoQZv92OiTG3jRUFz+95MD5An81LNt7y53apsaxk=":{"valueMac":{"type":"Buffer","data":"IeU23Bv27hjoXNiKEpBxT4JIybaggPmRLjXKdroVopY="}},"D/agvrgRSGHaWOzVtBQ/Yw49yBDm0CQnrBPoJhHHJXw=":{"valueMac":{"type":"Buffer","data":"oOru0+DGUnAmr0xS7nVvcltJrcP1r6UxutB2E67cah0="}},"EfwOeMashInklGIHZPWqcxzrHOH3FYD9vldf5elwQe0=":{"valueMac":{"type":"Buffer","data":"o9PQAnG4XjLa0nK133h+VKjfox/Oi+FLFYzSLoeU6wo="}},"Gifayxrut0tmJPVG3Y7all/GaFhqzTcvOrSQdSOrDRY=":{"valueMac":{"type":"Buffer","data":"ZrzGdDr2XbX5SQHJdokecRV0A3Hlwz36SsNr13tVwaA="}},"G3F67sTZplTaJ3Q9Yy894YQ1+5RLPDqJvDkGdYAuj+4=":{"valueMac":{"type":"Buffer","data":"FF94MYTSFr71h1O4OpfD1I9idAY40pkgwr9ZS5GRCLE="}},"KMuzq2PJNZf/8aF/l12wRA1DCKTjGhAMqka43n0SP4w=":{"valueMac":{"type":"Buffer","data":"7BdJxLvLLYqF/7BEkFOIkRoUmG9f7U/ddqv29SC6zFs="}},"LSLIx/6bfnjxcM3cy5Sg3OwrLjhJx0avDQzJS0m44RA=":{"valueMac":{"type":"Buffer","data":"x4XrGpPLWqiRugKTigwbqX5ja08KHK9Tue6Mlc7Kiyw="}},"L+B6qCd3kJz3YxINs9SUg83lR8XLf8sYsTni4NcFQx8=":{"valueMac":{"type":"Buffer","data":"kupRyB77dKun0kmSLTltfMObEFJanjV34T/VYIBZEVI="}},"M3kc4Ke3oAM0pW/ZvAlvxfzmWrmgyQnnvp9qIZpsF3M=":{"valueMac":{"type":"Buffer","data":"9WRpc0Xqr4werBfBRum43zGsPouWIx5u//e+Jj/75g0="}},"NcEWaYOLZU/yzlYjmu+Dmoju5u2eFdgnqXYzpyWcL/Y=":{"valueMac":{"type":"Buffer","data":"rcVQKzj4khfc1Yf+VaajM4CPEdLLQ8HsbY6UzBzxXGE="}},"OJo4cV/w9gQBiPIDFi2hj5ZRmwHKkwU0Y61bPsLcPb0=":{"valueMac":{"type":"Buffer","data":"78Kz1TLyILsbuy5FDD2Iim5z4Y/lTbM/YRy6nOmcdN0="}},"PBI30yEqQFDe4RhpYkJnrsIQv5YGAZe+bJugiG76PvQ=":{"valueMac":{"type":"Buffer","data":"rJqQoNpsBYMygth540Z6bV7IS9dp+qLwbqa8lZPxamI="}},"TIMRVo44EMoeUoR55uMg25zqaDKAPu0ByEwLVZMBNa0=":{"valueMac":{"type":"Buffer","data":"+TAjZ6F1GcaTM5Ak4qipMwGbKslucUupZSXawENek/8="}},"TYTUW2j1c9AfX7PGr0mYwfCbiktFaq5wx1TTq9NPG8Y=":{"valueMac":{"type":"Buffer","data":"R1dIm383mB8cJY4jqQKtz90nuTkTn2E2sSnINgykPFM="}},"UO3m8Up6bwnd4P7PvEfA7xf3ahTYCB79mnWYdDm3+qs=":{"valueMac":{"type":"Buffer","data":"Y9a/thlZZU2tNz6TX9V335Hz1b00hswbIqMl1zFk2zE="}},"UisRKUuQP0AQjRpya4M7IkdtnJmRq6G89Vus2JfL5kg=":{"valueMac":{"type":"Buffer","data":"OXEA2Dqd9a0jCAl4xQHMxUUFXrNwjMVEgKjBK4a8YkU="}},"VM3RK7JFWHSyRA14W1iUCDaFxnt1hRgMVXACC/25RN0=":{"valueMac":{"type":"Buffer","data":"CcrrqJUWc0o0NP8q6b3soYyqNv7hTz2L8EnvstLQAF4="}},"WyDE99q7qpLhpXi/0nRWmk4WchcW/AZO7MH2pOZKxd4=":{"valueMac":{"type":"Buffer","data":"p65HTV/3kIXptugAynYjHgedkaRK/hW0X7PxCUPmcHc="}},"XYAfhE/Z4xC44oEo9fr9TLr7UfZSnk4J2rypS7s4mzY=":{"valueMac":{"type":"Buffer","data":"kBU5tGv4X3IeWyU/lxyipw2dHVFOzw/9IvW62VDDu6A="}},"Z015uUREqpK2P8aJxJPAK9vxy1Yy/BfmQnA8Ya943CI=":{"valueMac":{"type":"Buffer","data":"Srb9o5OOoR+lYNuki4qcXGwY6b6V5wnKA3vOtIS/TaI="}},"aFd5t1fDL2B+bTj+l4emkOztogWTBKT59Ji0FOir/ao=":{"valueMac":{"type":"Buffer","data":"It6TrW00QbbhB+pU2iPHtz9+u9kWdkpS2OWdUI/YIl0="}},"baX5QpxsI5SyvewaB2TrmL2pEyHXbtUZ0yqmr90ncqw=":{"valueMac":{"type":"Buffer","data":"HcJobPYy/kf9pl4/2ufVgWCmtYV8xkB4TtIy/syaHpw="}},"bd34qzRFWZvPfzeYqpM3tmWRVXKhZfG47u74uiCf1cs=":{"valueMac":{"type":"Buffer","data":"6+q36wf5SdS6jas+rXO2HM9Z5FHXRQpRLZhyspVf7ro="}},"cjD48QwKBbiMPoJx7d7nk2WFKCwtOhqsHiD2mOB8v5A=":{"valueMac":{"type":"Buffer","data":"65t4yU9zZ4tu126Wq1D3qgOPYpEroxAhtwoqsK7euso="}},"dv2WhXyn0zCs+DnR9V+otSkfZx5xZwrctDFe3BkuDJE=":{"valueMac":{"type":"Buffer","data":"///jJCGucl2vdPvxUaHYIgv8OdH07bhZfdjE53wZLHA="}},"gkbRvPqOfjOO42x6Z4shqQJ1XQC1jTyub4tIAQ6nNr4=":{"valueMac":{"type":"Buffer","data":"mv9EvtYntpOy7JoFH4TUqK39SpyibDwUm2hBhl/Nuao="}},"hbaIWVKQ754WJY+YAL+Hy8ytr6Ki4QTRYkG8NzRQ1TI=":{"valueMac":{"type":"Buffer","data":"rQzqUNzIYJyf+Gfj1xAFVKQ/pcX2oKIzh4+osucVy8A="}},"hhQTmCwVLxQvLcrnvxeBIQfq/lB5UbrfBaTkeYXwm1Y=":{"valueMac":{"type":"Buffer","data":"3ZVAUrwMyHs6mqndIwvATNVXXdfuXotCi9e2QeeafQY="}},"kR80wuaEdkaH6iBSekJtuI2NsaF6jLpP9POMJRi2Y/E=":{"valueMac":{"type":"Buffer","data":"VUagTlKcsoZ9dmyDENTvkVCGVaTqhFkMEAxw8LDCZgQ="}},"lM5SJ2A9D4SneXfH/RZLBZnIUNxQezNrptGRBusJr8s=":{"valueMac":{"type":"Buffer","data":"oTus2Ojdyj30G0TjfN3TXYKh66yfhiWxkQO1zsYSb+w="}},"ldHqzSz5y3GbT57y0grs53vBmoms7jTJ68qFZyW7PJI=":{"valueMac":{"type":"Buffer","data":"Kj0tfZV62P4UvJ5t1twCEsz1XDmQkCHtXSV7ZamlhyI="}},"lzQ3btpsNGlH0J1QcihyyXjNK+SENwiTxvX2Y6q/HLU=":{"valueMac":{"type":"Buffer","data":"SE5rp06UmW+p/Egi8azuVtkwmN+8RZ9/PpAX040Nq/c="}},"ou0LONF2knnaOQ+Nngsst79+I/d/EC8NV/8OrOvd/b8=":{"valueMac":{"type":"Buffer","data":"PdCaulKUJsSSxBojNaFGG4OGgJh+51jlmT2lr94EIJQ="}},"tlHHm0PYvNJ4yfUV+YtMjMNdWnG134nziCdD9ryUWRo=":{"valueMac":{"type":"Buffer","data":"9ATYijGYs1IenQYVdmoQA0s31hRk2XmsHXFc+GgpJgQ="}},"wBEdbGWT10R2ZGJqI+Ub6Z4fFkDkMbhJSSzHsW1cRGM=":{"valueMac":{"type":"Buffer","data":"/i5uaRFgfDdYMI3RfIQyY6OrS3qhnYNUNRk0vXslxIQ="}},"w3Af0kreA14m4hLukBQZn3fNapSTiLiw6XmR+IDDCwc=":{"valueMac":{"type":"Buffer","data":"bThiI8C9iMCxUrJ1o7MfSrpkGEJarE4Y57uiPxiD6sg="}},"w3k6HTr16SZhLWFTL74t4kCkybcJh38/ZMHVJEMvkHk=":{"valueMac":{"type":"Buffer","data":"1Q4KCJVeQt+TCoOE1JuZ5Q2eyldA6W4S74owGm4MGVE="}},"yHYlUQFWEGwM9Rsr13/JmurnAH5SvlkxP1/sKTUm8zc=":{"valueMac":{"type":"Buffer","data":"/EvD9TFJNot4T3AnfwY+cXUVubusOwwQLJJSv1htPag="}},"yVU7PxNRyuzVFJRwsn2wMQwamYpEEaiEoMBn8UVG3Ig=":{"valueMac":{"type":"Buffer","data":"ENtPdEzPzHZHs+Bgu1+G40KHz+bQc6fC4owsVbs3q3Y="}},"yuD8XJNaKTsTL6KWTP4TvlaVPYfvZK0YUxL+RKP2SBM=":{"valueMac":{"type":"Buffer","data":"MVfL61hwzakashhS3zOnlwr2O+4fJsJISKzO3MXHKLI="}},"1HyCix0I+8fNRXQ7b78VsYK0uT98eI8HmsZvKgXId18=":{"valueMac":{"type":"Buffer","data":"YnC9VN4dGswmWrHVDDGUO+YDCosqnaBXJaDtaRJ1Dxw="}},"3OF39n0e+tOnru7OoqdoOwLHCcnB70BdzRqyJET68UQ=":{"valueMac":{"type":"Buffer","data":"2ByM+9E9qgT6S/DszQbTBxWBTGsRuumgQ5MIAJB32YU="}},"3/7wX54rY9yNZgDcRef4OKNpoh2IKCK+jA+1jGNxpF8=":{"valueMac":{"type":"Buffer","data":"v5DRhvzxTciXzddHh1eeEj9BZYipIiP1/dPUQ4JsAPk="}},"4MgnCXePcd6DpovsQs3SX4sRn8af80Q3Q7eNKzGEQ7Y=":{"valueMac":{"type":"Buffer","data":"Km4J8+ouvg4yb6LztxJCTUdEg+saa5V9+vBxZz5J+m0="}},"5mjg2ohMQOlkisQ8G3bYJaO0WERqAmxzCpEFMrfQh7E=":{"valueMac":{"type":"Buffer","data":"zJuRMa9RqcfoHaMBhGLScf5JbpxIetZ9YRH/zwDWeao="}},"6nMSAItBAwyJZKxjmZ2xdh0Dn5JDPpgIxYkP3bpPZZU=":{"valueMac":{"type":"Buffer","data":"hU5BNMLYjTbmwYXv49V1MvxDrhwxKeQ6IF5bc6fEAQY="}},"7LJmVuKpNPi7jPrlUFZWqD0zL+N1kBnBSdyxjA2jG4w=":{"valueMac":{"type":"Buffer","data":"1XrFJ1fiufkBEURwc145YnQaHyM1UuRlngY0tGrYpDs="}},"7Q9v8994P+UnVQ7B5ER5kdMxVbKVSgZXAZKPLRRFqTM=":{"valueMac":{"type":"Buffer","data":"1v8NdOUDZDJdENqXc7XIAkAG7JPIjnWPvZOqxZOKGNg="}},"/KVS4Wv1/GaT/1n2g1IoK7IjEl9rJHHRlriREGdV2As=":{"valueMac":{"type":"Buffer","data":"XeAvUUiiroSkiv58S5Izu4glLr86ySz2hKDl2q3auyQ="}},"/2uSNT0mPiKlgPddCodZbt5O1Ki94Ga19JDCQ89ua8M=":{"valueMac":{"type":"Buffer","data":"LHan2GfgzqHqU56sTmlOVSQzwkUwlZr7ZoKrKQWdizg="}},"VV3TmYhakchcJ45Mc2X9UKScoxj/iI4/wuxmX7WiveU=":{"valueMac":{"type":"Buffer","data":"ISpOL7OySgdAAc9r+MCAb+6hK7+miKMU+7FOxoPEhq8="}},"1aSiIlMmdOvZLlZOWzYE4B8iFAorETUo9dLaD/tCJDU=":{"valueMac":{"type":"Buffer","data":"SteiAHd5E7sWmDxsFd1D6aoFRMsu6l5hQDGDTWAIIDM="}}}}