{"version":6,"hash":{"type":"Buffer","data":"OLqaAy49y0i1VvJjQzfl0Aa7YurRekmOdCZsHuIGnXsTu3cqE7pjGo/yNbTTJJgs/uXrILsYHdNXqPeR2AunoDaPa0v/hoWUQKLTsH75WTO4v/OgJSDoUKM2K4+xl9SyylMVWgGw+t1NI1NtEy8UO9OOSzKZUVg8LKUZKqgBqao="},"indexValueMap":{"Ux1tyjKa03t5tCpEGBZ1efotFws9QcevGI63lmZKar4=":{"valueMac":{"type":"Buffer","data":"oKHKJCq7nBDrgXFAXqA6W9mMbn0UTe7/6FbanN5QYsc="}},"+d1G+eqYTM2h50LS1O1cKxgxaZ8dBwK6JOhXGyYS678=":{"valueMac":{"type":"Buffer","data":"e8G3vg3iFIlzHiignRag6M0KSYLnaD06t23creSgZOQ="}},"7Id8UDO8TEh4xTvpzbs+c90IkpxR/NHPXEth35g0Yoo=":{"valueMac":{"type":"Buffer","data":"Imecw+uds4kwjJ/R1R1UKGjcnDDGhlyxM0SZQqiyrkU="}},"OzoO87IlsB7rHG/nIeasvwxgXElRwyf8n3o3XyCuFvY=":{"valueMac":{"type":"Buffer","data":"hprA6GIZBX7LwXE8Mgk8zzBBJryisB4b2OLMfCq4jZg="}},"utwrVzrO7waInZkfol3lQD1TYtknkbfNYJ6ovSVmjmo=":{"valueMac":{"type":"Buffer","data":"Cd0Zv+GWjq8s4WWWW34iz5tqGUJVRjOhMq0twslTIbo="}},"Kp9qQFeqIcRkX3u22diR5L9wsL0rPvjLb9sAj9le0ys=":{"valueMac":{"type":"Buffer","data":"QGN2+pENhcsiXnAY6+955frdoW5upAbidr1qCyP/3rQ="}}}}