{"version":4,"hash":{"type":"Buffer","data":"nkNHTU2TpJVtiDqR6bNTD9JzUn+q2C7OmGOnAljD8zKhVDERGc7M2Zu1XxDCkFFmgYEPNSycUerI2TTMH8RpVFI9xHx4vHMFcqCzWoJpCDzH+tFK3kLwUBIDjzJNYryiA3MECGpEApkRMEGtej1GIxFWB23KfWcfUyS0JZccEkM="},"indexValueMap":{"DLfbd9YRWG2A5cg5iCWAb3aj6CYj1ndV0x2vc62/ZIc=":{"valueMac":{"type":"Buffer","data":"9lRO2UcWAdOUMzXPC90xB4ixMNFxRWIpyVsDxe4nWAA="}},"R20BnkJTgUqG5GHV+bdbl6tObs1fjwiEzKu1GA+XhxI=":{"valueMac":{"type":"Buffer","data":"VHd39I9OrIqc1NVyFVng8RA1uI2LZxytzRYfYr51KXw="}},"fZivuqjGJLCy2Y/cTYS/k5uaRgBk3zsYueT3kJLou6k=":{"valueMac":{"type":"Buffer","data":"Ice91IbCFgcEBt08OXun8IRy4zLF7IzYeavip6ffE4U="}},"szPrQycpQOd48YqzIcO5BWV/33W3MW01Ur6DoeOlxbo=":{"valueMac":{"type":"Buffer","data":"X17Cyj56c1lvTKUcDWD29ku59YQdGx3+GMsCR+7ZPKQ="}},"wQf+L4n4dWzspw50/N3veopwrilKwKtMeyjqnvpczNs=":{"valueMac":{"type":"Buffer","data":"BN2WsD+vozLgeY1nsRcSB5Qniif5xL+3gwwO+t0C3dU="}},"DyZt2zTUacVzpryo2mkyFySApP+gKeLdfVDAD60qehM=":{"valueMac":{"type":"Buffer","data":"ViqwLEl3TWHcX35jUhf4iCR+C2EzimVYvoVpbqBylx4="}},"J2fHestiRHZTV9BpM2y/OCliyWWfbtVWLjqIp4QLsns=":{"valueMac":{"type":"Buffer","data":"tAu8R5uAFTwEK9IP8biMa0qsDIog04aRRQy310twjGg="}}}}