{"noiseKey":{"private":{"type":"Buffer","data":"gJNk6FC6iYXy+4UhIzKPrXL6O5qqDKtfsj8JvQPtrGE="},"public":{"type":"Buffer","data":"rKSfogtcyyghSAG/klDkhzp1/dDTwojVY0O1bU0MN1k="}},"pairingEphemeralKeyPair":{"private":{"type":"Buffer","data":"cPt+0ZHBHf7S4Os/B4YaMotScqRvM3IDA4U3JWitoG4="},"public":{"type":"Buffer","data":"vWV/3vU645XHM/HUbfDh+Gn+UX3BVh5SCgiyyvjgmlw="}},"signedIdentityKey":{"private":{"type":"Buffer","data":"IKsuh796FtpmTHnqynTO/cCNeulN+lhJl8dSAq4ZfH8="},"public":{"type":"Buffer","data":"0hLrTUdjeUpWCSwDq2lORUENwcutZl3vUGLfbtLuOFs="}},"signedPreKey":{"keyPair":{"private":{"type":"Buffer","data":"uJzBTtZY1NdqT2PQXutTXqFLDthtAK2fBRjLNBTBsX0="},"public":{"type":"Buffer","data":"qHLSKuEQEwQQY2Yj0MaaSZigbI8UgoVE3AY+OsmQgT8="}},"signature":{"type":"Buffer","data":"htQfxFqq2MSynMFPCBkFzO6Ow/uUvezwBz+nV9HAR4rbcq61A86cGsRurKzlVIBhIsg94hClDFkT6ACw4bFIhA=="},"keyId":1},"registrationId":74,"advSecretKey":"LCqbcNJHYiBNDAbG/HZnvS464B7Yercv8+3Ic1TzjSk=","processedHistoryMessages":[{"key":{"remoteJid":"212771607563@s.whatsapp.net","fromMe":true,"id":"8DCB20EDE0F4A235C2ED0A6A13455F49"},"messageTimestamp":1749404093},{"key":{"remoteJid":"212771607563@s.whatsapp.net","fromMe":true,"id":"5E9B7655FE482564BF94EFA245AF499D"},"messageTimestamp":1749404093}],"nextPreKeyId":33,"firstUnuploadedPreKeyId":33,"accountSyncCounter":1,"accountSettings":{"unarchiveChats":false},"registered":false,"account":{"details":"CKbOyLsGELKTl8IGGAEgACgA","accountSignatureKey":"CjCEPdoucL7umdJ1wRWH0puYJN5fbznKSW5UUrzSWgY=","accountSignature":"k3L0X8qSS7BfYZLS3JJe3WiP7TUITr4YZ6LL4lCID42g+rF9+Ib9XCQ9oA3iFBAxhgJWkr4Oa+3xy1IgsygfDA==","deviceSignature":"8/2o5IPH02zcZYBZ9WmhHVYzdu4EpU9WOgpOik2Ix2RHJNl03fdNFAF7KLpscBB7+JYai7mOuujHbUJsZYKJgw=="},"me":{"id":"212771607563:3@s.whatsapp.net","lid":"257140279259201:3@lid","name":"YaYs"},"signalIdentities":[{"identifier":{"name":"212771607563:3@s.whatsapp.net","deviceId":0},"identifierKey":{"type":"Buffer","data":"BQowhD3aLnC+7pnSdcEVh9KbmCTeX285ykluVFK80loG"}}],"platform":"android","routingInfo":{"type":"Buffer","data":"CAkIDQ=="},"lastAccountSyncTimestamp":1749404127,"lastPropHash":"2V77qU","myAppStateKeyId":"AAAAAFcQ"}