{"_sessions":{"Beuq28llBygyuC0NHgvf0oRe24JL+I2XWyWUCxwEJShd":{"registrationId":1073,"currentRatchet":{"ephemeralKeyPair":{"pubKey":"BcNA4z1CcRLkS2sDHBrXf6c5KtIeydpUmoFKsfyHzeYH","privKey":"0NX29ZgtiM6Y11R3RvIfgYhswQWrFrHl4s5FXiHOAWU="},"lastRemoteEphemeralKey":"Be0b3zEXxfhxgyeQGPP60jvZWVuMQRAXadvV4PbGWUg/","previousCounter":0,"rootKey":"/DLHYyI3OI5kEncS1qyo8p/KIcJa/1lwmeNjSiN9VEE="},"indexInfo":{"baseKey":"Beuq28llBygyuC0NHgvf0oRe24JL+I2XWyWUCxwEJShd","baseKeyType":1,"closed":-1,"used":1749404114771,"created":1749404114771,"remoteIdentityKey":"BaH/sru5vf5XvuSdMaIxnRiSEjd5xeQSSlIiujQWbgg7"},"_chains":{"BcNA4z1CcRLkS2sDHBrXf6c5KtIeydpUmoFKsfyHzeYH":{"chainKey":{"counter":2,"key":"0Me4Jae2iZlfPcnbfRGKmOJQR334mgs0jJIhTb1wXII="},"chainType":1,"messageKeys":{}}},"pendingPreKey":{"signedKeyId":1,"baseKey":"Beuq28llBygyuC0NHgvf0oRe24JL+I2XWyWUCxwEJShd","preKeyId":914}}},"version":"v1"}