{"_sessions":{"BQ1Qxuv3gAglZVKa1IsumVXQ4187EvQRAaWzIuniiYE4":{"registrationId":1229237496,"currentRatchet":{"ephemeralKeyPair":{"pubKey":"BT1C4+vPdfXMxEqOy54DR31HE04pidsNk6e7yHpsumNw","privKey":"6B14ePio4oYIBmVKGZu/ExgA+sfxyO+Saa46RcgUE3c="},"lastRemoteEphemeralKey":"Bbl6lviBhyDjjIZFgffkoG4eDgC7QcwWb3lCFqVHc4Vn","previousCounter":0,"rootKey":"hBhRM7iFArVsTiYKlNgHnVOjfhv+zFVw7WAieS3AUZY="},"indexInfo":{"baseKey":"BQ1Qxuv3gAglZVKa1IsumVXQ4187EvQRAaWzIuniiYE4","baseKeyType":2,"closed":-1,"used":1749404196589,"created":1749404113603,"remoteIdentityKey":"BdbOc9iFdtUCZ6MAImcWjg3E6aa6VY8omnl32+3ameE5"},"_chains":{"BTseydkh7lEkUdVsJj3ImskQZKyfxqdVtzukXwJEZiFe":{"chainKey":{"counter":0},"chainType":2,"messageKeys":{}},"BcOwYUW920FD1Ta3NVTAPlOM0T1QSX8lQZkYklMZQYVO":{"chainKey":{"counter":0},"chainType":2,"messageKeys":{}},"Bbl6lviBhyDjjIZFgffkoG4eDgC7QcwWb3lCFqVHc4Vn":{"chainKey":{"counter":0,"key":"+diSmOJz1ZNo9F+XKDnvq6a0Pl52z/Gf2bjszPI0hmA="},"chainType":2,"messageKeys":{}},"BT1C4+vPdfXMxEqOy54DR31HE04pidsNk6e7yHpsumNw":{"chainKey":{"counter":35,"key":"zwr/WwSEazR5khEE6Ndx0IFkJxTKjoXiidR/5m1/D7g="},"chainType":1,"messageKeys":{}}}}},"version":"v1"}