{"_sessions":{"BWZTB/u3HNpEh0JZJlwkO8kl7CetKEpMU4Kls0YgEYUO":{"registrationId":628,"currentRatchet":{"ephemeralKeyPair":{"pubKey":"BanoOBveqX+lQ53SMAKE7kfDwY3nlv5CaFMVDb1IJcMV","privKey":"+O07Q+bqPfFnH/zoOqcEtb8lem7REe31fINo8hdUk1I="},"lastRemoteEphemeralKey":"BWYAqFSpt/o3SJtuFVfbGmlEXo1oQVfS2H36melA3LAn","previousCounter":0,"rootKey":"AaEREGsRDcTmAWO54N7ci/mFgYwfHA/0uwseXAsykHc="},"indexInfo":{"baseKey":"BWZTB/u3HNpEh0JZJlwkO8kl7CetKEpMU4Kls0YgEYUO","baseKeyType":1,"closed":-1,"used":1749404114766,"created":1749404114766,"remoteIdentityKey":"Bb5WokjEL+cNdPU+I9iEbb9epxXJExhvj8WWQsibkOsP"},"_chains":{"BanoOBveqX+lQ53SMAKE7kfDwY3nlv5CaFMVDb1IJcMV":{"chainKey":{"counter":2,"key":"DD4kkf6y+li8R+MCvliy/binrmAEmbN0Tmuksd5P/Yo="},"chainType":1,"messageKeys":{}}},"pendingPreKey":{"signedKeyId":1,"baseKey":"BWZTB/u3HNpEh0JZJlwkO8kl7CetKEpMU4Kls0YgEYUO","preKeyId":1502}}},"version":"v1"}