{"_sessions":{"BeFTpHomraR44e3JTNCgcpqdxvlLbvBVxHvL4+MyEusi":{"registrationId":1962027023,"currentRatchet":{"ephemeralKeyPair":{"pubKey":"BXg8cn1QXWKaqK4I+yk4e17uE66adzlNLOPsgYZ/EWBZ","privKey":"yBZgpS2uozLypNlNOSL3TLNGsIE+Hg46eQfvlvZZD2o="},"lastRemoteEphemeralKey":"Bf2ttmOlsBahKoBWwrKp2/x2JEf13OP3NswtJMko5y1S","previousCounter":0,"rootKey":"tXIl7a/DeSXDNYyaiJTkRfRwW+Xohks5KMGCMkBKS6Q="},"indexInfo":{"baseKey":"BeFTpHomraR44e3JTNCgcpqdxvlLbvBVxHvL4+MyEusi","baseKeyType":2,"closed":-1,"used":1749404094531,"created":1749404094531,"remoteIdentityKey":"BQowhD3aLnC+7pnSdcEVh9KbmCTeX285ykluVFK80loG"},"_chains":{"Bf2ttmOlsBahKoBWwrKp2/x2JEf13OP3NswtJMko5y1S":{"chainKey":{"counter":6,"key":"Q8vb+meks4X3Hyb7mdRYXfp4Xm5TMDDFQsTrKB8SpAA="},"chainType":2,"messageKeys":{}},"BXg8cn1QXWKaqK4I+yk4e17uE66adzlNLOPsgYZ/EWBZ":{"chainKey":{"counter":39,"key":"GLIB0CL+UpW6fyDz4I05tqbn7VJ3gWDNiSUffQ8B1J0="},"chainType":1,"messageKeys":{}}}}},"version":"v1"}