{"_sessions":{"BcaqhLo7weHNfNcz5Xc7oPhe2fzZAVl3tKMCugWbgEtX":{"registrationId":192,"currentRatchet":{"ephemeralKeyPair":{"pubKey":"BcYt2TthBaPygIpC18vP4ULJ9eCVAJurVF8RKNovtiFK","privKey":"GG8xlW/6mpEI9jP7BfoVPRzwuvLSMWvIHNDnC7ut+kA="},"lastRemoteEphemeralKey":"BSk6rOJUvqn2+8XQwLbYavzX7IHG/H9cKhuNIIQUP2Rb","previousCounter":0,"rootKey":"sV/NXJEGYdx+U8+rHUCgRcu5Zt7D+Xo1nfB8lWNb4Ws="},"indexInfo":{"baseKey":"BcaqhLo7weHNfNcz5Xc7oPhe2fzZAVl3tKMCugWbgEtX","baseKeyType":1,"closed":-1,"used":1749404114776,"created":1749404114776,"remoteIdentityKey":"BY/J42+hMSisMLFPurNvJtMYTNWNIEDxwhpCedBSzCd/"},"_chains":{"BcYt2TthBaPygIpC18vP4ULJ9eCVAJurVF8RKNovtiFK":{"chainKey":{"counter":2,"key":"e8RPOeAL7ulyttrnSm1pYFzDE8UhZfBP3/h/HfbjtME="},"chainType":1,"messageKeys":{}}},"pendingPreKey":{"signedKeyId":1,"baseKey":"BcaqhLo7weHNfNcz5Xc7oPhe2fzZAVl3tKMCugWbgEtX","preKeyId":111}}},"version":"v1"}