{"_sessions":{"BevnOuGCaTBMIOFidnCIgiz4BjWfd9g3RQGR0YoURHt4":{"registrationId":142,"currentRatchet":{"ephemeralKeyPair":{"pubKey":"BefYvVt6137dZVC+M2uCH/ErL6hTd3hlLMnjDVpH0u8t","privKey":"cL+4g/ObC195lDOAbZo/2aVQxaLuY2m1pkWcdZ8NInE="},"lastRemoteEphemeralKey":"BWzZKzFYOhK8EB10lqpY8VWDHRdtKKFv68vCD5qqxstU","previousCounter":0,"rootKey":"hWhwyBPcx5zf4jr/Qdzvl1FHU0XLwgvMFYl6TdZMEwo="},"indexInfo":{"baseKey":"BevnOuGCaTBMIOFidnCIgiz4BjWfd9g3RQGR0YoURHt4","baseKeyType":1,"closed":-1,"used":1749449300955,"created":1749449300955,"remoteIdentityKey":"BfVhyhvsR0jVMsUkWiaHnLcNoMmW3tRgwKyWLYFbkYkJ"},"_chains":{"BefYvVt6137dZVC+M2uCH/ErL6hTd3hlLMnjDVpH0u8t":{"chainKey":{"counter":34,"key":"5k1uZUL4fqplrItsoYffczBteWFvScfYwYRFvobZRbk="},"chainType":1,"messageKeys":{}}},"pendingPreKey":{"signedKeyId":1,"baseKey":"BevnOuGCaTBMIOFidnCIgiz4BjWfd9g3RQGR0YoURHt4","preKeyId":36}}},"version":"v1"}