{"_sessions":{"BYvHjdCCBnMi+O4UqdI5C7a98WT7z14fqlqUu8LYlI8J":{"registrationId":12964,"currentRatchet":{"ephemeralKeyPair":{"pubKey":"BZjiVlmZEjHjSm+oD/5YWUQps0r+I0Jvbi6c3NIrJ8hC","privKey":"aJGv7ZjyI3gHwHsY2nOJ35Ee8NJx4aYYQmKhUMcaYWk="},"lastRemoteEphemeralKey":"BcDzxQhgRNbOdPlGKBfzFjm5zJnjpghq/ZowhydJybIy","previousCounter":0,"rootKey":"eqEvwa6BJxSLdqZGQz79l2mv/BgKX+MqEI72U0vlNhk="},"indexInfo":{"baseKey":"BYvHjdCCBnMi+O4UqdI5C7a98WT7z14fqlqUu8LYlI8J","baseKeyType":2,"closed":1749462990920,"used":1749449669649,"created":1749449300482,"remoteIdentityKey":"BTwHrs7e5sFv26LlnLUjOH4Za7iZJM/TbD+S5OQIHStV"},"_chains":{"BZ6b2k/5RTrukfWaB1IUSomASA5umMBpLDwUfLmBXxMX":{"chainKey":{"counter":0},"chainType":2,"messageKeys":{}},"BfvCfZG9pdxYm4aanTjfWg5XgiE/WsHVCPfkIiNDfFNw":{"chainKey":{"counter":0},"chainType":2,"messageKeys":{}},"Ba6VyK4zQMPpmLQUZxl8gcgcnSzghpR/PKIPMcm7q289":{"chainKey":{"counter":0},"chainType":2,"messageKeys":{}},"Bc9qF3W0eOg7d2QBRdindVpeeKGkoWM/xKXHlZ/54Mth":{"chainKey":{"counter":0},"chainType":2,"messageKeys":{}},"BXIqUP9WhGNtyJu9mAHqd6Nx7teR3KXCjt+lZ6pqrUcQ":{"chainKey":{"counter":0},"chainType":2,"messageKeys":{}},"BXcEi6dzkXm5dMN4g8dNs7fqiGcTSfzq18v2gSIHUVlo":{"chainKey":{"counter":0},"chainType":2,"messageKeys":{}},"BREtKWN5KcYIPCRvTDbNfcgL99Ybx1TvP/MZt+19d7Uh":{"chainKey":{"counter":0},"chainType":2,"messageKeys":{}},"BcDzxQhgRNbOdPlGKBfzFjm5zJnjpghq/ZowhydJybIy":{"chainKey":{"counter":0,"key":"cIJJj1l33CtZgz2OTd5A/9a+MFRVodrSowx0MB6t8Ic="},"chainType":2,"messageKeys":{}},"BZjiVlmZEjHjSm+oD/5YWUQps0r+I0Jvbi6c3NIrJ8hC":{"chainKey":{"counter":1,"key":"bxx0cuCJxKwo/FmFcqQpcjetgn+L8p0J+HvtKJt3MO8="},"chainType":1,"messageKeys":{}}}},"BZrEXlPwbkGThe5eO+6NEnhCy1nC6umwtTpteJhHdzYK":{"registrationId":12964,"currentRatchet":{"ephemeralKeyPair":{"pubKey":"BQSnpv04arqDJTy/7DCEwuhTE8tKeinJd68Iala8ttgA","privKey":"iDY8/L/MPiN1EXbC7IczdIguaLdb7bZk1aRpRApjbXY="},"lastRemoteEphemeralKey":"BQyHHSVmZHl5RjXYYi+nZXH6lhE0YDxeqTdhORjowj92","previousCounter":1,"rootKey":"02JczHCUvD25054i6hAPBWrNdUBEpMxfyVAMBKBftHc="},"indexInfo":{"baseKey":"BZrEXlPwbkGThe5eO+6NEnhCy1nC6umwtTpteJhHdzYK","baseKeyType":2,"closed":-1,"used":1749463057766,"created":1749462990924,"remoteIdentityKey":"BTwHrs7e5sFv26LlnLUjOH4Za7iZJM/TbD+S5OQIHStV"},"_chains":{"BSMQs3wtI/81erNWi74D9BsMLjWxm8LB7BWnwQjiQmB6":{"chainKey":{"counter":0},"chainType":2,"messageKeys":{}},"BV7vFdh5v3Glkp1VWEneevoKt7o1Qo3o817AXI5LCU8n":{"chainKey":{"counter":0},"chainType":2,"messageKeys":{}},"BWMa/9EmGjXDX5nd3Kyf2AoiG2lVXM9qsMLBUp6XxKIq":{"chainKey":{"counter":0},"chainType":2,"messageKeys":{}},"BTSTOr9WQX2vUT+JYh7ZlfU7LqiXu/IiD26HJvPpxvk5":{"chainKey":{"counter":0},"chainType":2,"messageKeys":{}},"BQyHHSVmZHl5RjXYYi+nZXH6lhE0YDxeqTdhORjowj92":{"chainKey":{"counter":0,"key":"DF3uhUoPHaPuTIZJOfF3F2cnLVyTqvpmYBwznvZH8cI="},"chainType":2,"messageKeys":{}},"BQSnpv04arqDJTy/7DCEwuhTE8tKeinJd68Iala8ttgA":{"chainKey":{"counter":7,"key":"9txYmfi8OdPoH8DOHNPEyKh81MUXHtP64pdLMjJohGs="},"chainType":1,"messageKeys":{}}}}},"version":"v1"}